elapsed_time_s,elapsed_time_min,phase,is_event_point,semi_major_axis_m,eccentricity,inclination_deg,raan_deg,argument_of_perigee_deg,true_anomaly_deg,position_x_m,position_y_m,position_z_m,velocity_x_m_s,velocity_y_m_s,velocity_z_m_s,thrust_alpha_deg,thrust_beta_deg,thrust_longitude_deg,thrust_latitude_deg,subsatellite_longitude_deg,subsatellite_latitude_deg,subsatellite_altitude_m,orbit_height_m,mass_kg
0.0,0.0,coast,1,29478137.000000015,0.7768469199999998,16.49999999999998,77.81614066594024,199.99999999999997,22.902546345799923,3293524.41662162,-5816687.374913236,-1317245.9148266523,9170.969929742118,3674.2451091541743,-2425.67750037191,nan,nan,nan,nan,-129.7643660807637,-11.148025326991906,434813.30808865826,434813.30808865733,6515.0
73215.90325271839,1220.2650542119732,orbit_control,1,31349695.74706331,0.6710929160603974,11.84171048668086,68.74509103477803,208.9148701256471,183.63735223264106,-9664054.558075335,50946299.771111414,5760834.017527872,-1493.1737082427903,-521.4580966165058,252.14279517054376,nan,nan,nan,nan,85.55560059940399,6.339308221648197,45795674.624673456,45795674.62467345,5885.605471874308
239257.7046439705,3987.6284107328415,orbit_control,1,33658855.250887655,0.5566590721858181,9.194032674107714,58.5836474086633,219.01282602924803,183.45321558593562,-9632306.711440466,51070701.6902528,5639286.547772221,-1766.0856609954058,-497.56999671221587,201.9695645447968,nan,nan,nan,nan,111.76061678348924,6.192825524834241,45898047.410168424,45898047.410168424,5379.486186201364
423269.61728356656,7054.493621392776,orbit_control,1,38105910.41057312,0.37541469087291846,7.120082287352079,42.69389017065964,234.5683921268191,184.9652357220183,-10839768.782233654,50851697.48482904,5586785.33554658,-2105.541771216918,-579.1747532507962,125.16769044592063,nan,nan,nan,nan,64.29749694686012,6.132911822265445,45915341.51048288,45915341.51048288,4776.617582217661
622710.1289169111,10378.502148615185,orbit_control,1,42164199.991510704,4.904162924744395e-05,6.002531377540322,20.965703892727824,281.8094202321572,334.85543181839705,5518041.672846669,-41578935.092790715,-4290138.126072475,3046.16811532114,411.98074199404545,-74.15532857044258,nan,nan,nan,nan,126.54652966798903,-5.840117797795748,35784191.119952716,35784191.11995272,3914.558266708742
