{
  "version": 1,
  "parameters": [
    {
      "maneuver_index": 1,
      "flight_revolution": 2,
      "position_label": "远地点",
      "initial_burn_start_min": 1213.6526483020957,
      "initial_yaw_angle_deg": 12.0,
      "burn_start_min": 1213.6526483020957,
      "settle_end_min": 1217.6526483020957,
      "cutoff_min": 1282.47411729115,
      "yaw_angle_deg": 12.0,
      "ignition_longitude_deg_e": 80.81395433233665,
      "cutoff_longitude_deg_e": 69.96444545933456,
      "delta_v_mps": 308.4092279343058,
      "target_post_a_km": 31236.1722159903,
      "total_burn_time_min": 68.82146898905437,
      "settle_duration_min": 4.0,
      "orbit_control_duration_min": 64.82146898905437,
      "propellant_kg": 631.0876513357571,
      "future_apogee_raise_propellant_kg": 0.0,
      "future_perigee_lower_propellant_kg": 0.0,
      "trim_propellant_kg": 0.0,
      "objective_delta_g_kg": 631.0876513357571,
      "objective_formula": "m",
      "post_a_km": 31241.31581416905,
      "post_e": 0.6699518962910576,
      "post_i_deg": 11.833030532916018,
      "post_mass_kg": 5883.912348664243,
      "duration_ok": true,
      "longitude_ok": true,
      "search_evaluations": 1,
      "optimization_mode": "固定链路优化"
    },
    {
      "maneuver_index": 2,
      "flight_revolution": 5,
      "position_label": "远地点",
      "initial_burn_start_min": 3967.421464255763,
      "initial_yaw_angle_deg": 12.0,
      "burn_start_min": 3967.421464255763,
      "settle_end_min": 3971.421464255763,
      "cutoff_min": 4022.8545328491064,
      "yaw_angle_deg": 12.0,
      "ignition_longitude_deg_e": 110.59749738236374,
      "cutoff_longitude_deg_e": 102.8889601401899,
      "delta_v_mps": 269.4177978261008,
      "target_post_a_km": 33504.4120491388,
      "total_burn_time_min": 55.4330685933431,
      "settle_duration_min": 4.0,
      "orbit_control_duration_min": 51.4330685933431,
      "propellant_kg": 501.08971596302854,
      "future_apogee_raise_propellant_kg": 0.0,
      "future_perigee_lower_propellant_kg": 0.0,
      "trim_propellant_kg": 0.0,
      "objective_delta_g_kg": 501.08971596302854,
      "objective_formula": "m",
      "post_a_km": 33513.02361059871,
      "post_e": 0.5569597816681356,
      "post_i_deg": 9.19853552212169,
      "post_mass_kg": 5382.822632701214,
      "duration_ok": true,
      "longitude_ok": true,
      "search_evaluations": 1,
      "optimization_mode": "固定链路优化"
    },
    {
      "maneuver_index": 3,
      "flight_revolution": 8,
      "position_label": "远地点",
      "initial_burn_start_min": 7011.130358552952,
      "initial_yaw_angle_deg": 11.5,
      "burn_start_min": 7011.130358552952,
      "settle_end_min": 7015.130358552952,
      "cutoff_min": 7083.482076819757,
      "yaw_angle_deg": 11.5,
      "ignition_longitude_deg_e": 66.08975239396437,
      "cutoff_longitude_deg_e": 57.581862207600736,
      "delta_v_mps": 399.386594216131,
      "target_post_a_km": 38528.788275659506,
      "total_burn_time_min": 72.35171826680501,
      "settle_duration_min": 4.0,
      "orbit_control_duration_min": 68.35171826680501,
      "propellant_kg": 665.3654667501851,
      "future_apogee_raise_propellant_kg": 0.0,
      "future_perigee_lower_propellant_kg": 0.0,
      "trim_propellant_kg": 0.0,
      "objective_delta_g_kg": 665.3654667501851,
      "objective_formula": "m",
      "post_a_km": 38548.46776487027,
      "post_e": 0.3541540982687885,
      "post_i_deg": 6.984567728246277,
      "post_mass_kg": 4717.457165951029,
      "duration_ok": true,
      "longitude_ok": true,
      "search_evaluations": 1,
      "optimization_mode": "固定链路优化"
    },
    {
      "maneuver_index": 4,
      "flight_revolution": 10,
      "position_label": "远地点",
      "initial_burn_start_min": 9523.504469264286,
      "initial_yaw_angle_deg": 11.362522196424823,
      "burn_start_min": 9525.654469264286,
      "settle_end_min": 9529.654469264286,
      "cutoff_min": 9590.369267237918,
      "yaw_angle_deg": 12.287522196424824,
      "ignition_longitude_deg_e": 155.34349141587404,
      "cutoff_longitude_deg_e": 149.39679702950943,
      "delta_v_mps": 405.3009711464479,
      "target_post_a_km": 42164.2,
      "total_burn_time_min": 64.71479797363281,
      "settle_duration_min": 4.0,
      "orbit_control_duration_min": 60.71479797363281,
      "propellant_kg": 591.2129286294621,
      "future_apogee_raise_propellant_kg": 0.0,
      "future_perigee_lower_propellant_kg": 0.0,
      "trim_propellant_kg": 0.0,
      "objective_delta_g_kg": 591.2129286294621,
      "objective_formula": "m",
      "post_a_km": 47196.03494768916,
      "post_e": 0.10661562916976454,
      "post_i_deg": 5.999997437151899,
      "post_mass_kg": 4126.244237321567,
      "duration_ok": true,
      "longitude_ok": true,
      "search_evaluations": 1,
      "optimization_mode": "终端经度/倾角联合优化"
    },
    {
      "maneuver_index": 5,
      "flight_revolution": 10,
      "position_label": "近地点",
      "initial_burn_start_min": 10379.87097166016,
      "initial_yaw_angle_deg": -178.50083696746137,
      "burn_start_min": 10378.87097166016,
      "settle_end_min": 10382.87097166016,
      "cutoff_min": 10404.548395137334,
      "yaw_angle_deg": -178.50083696746137,
      "ignition_longitude_deg_e": 119.78313589121052,
      "cutoff_longitude_deg_e": 120.00724293610459,
      "delta_v_mps": 159.73122903869609,
      "target_post_a_km": 42164.2,
      "total_burn_time_min": 25.67742347717285,
      "settle_duration_min": 4.0,
      "orbit_control_duration_min": 21.67742347717285,
      "propellant_kg": 212.1700305296481,
      "future_apogee_raise_propellant_kg": 0.0,
      "future_perigee_lower_propellant_kg": 0.0,
      "trim_propellant_kg": 0.0,
      "objective_delta_g_kg": 212.1700305296481,
      "objective_formula": "m",
      "post_a_km": 42164.199958692414,
      "post_e": 0.0004561304531204919,
      "post_i_deg": 6.002573273043231,
      "post_mass_kg": 3914.074206791919,
      "duration_ok": true,
      "longitude_ok": true,
      "search_evaluations": 1,
      "optimization_mode": "近地点面内减速"
    }
  ],
  "total_propellant_kg": 2600.925793208081,
  "objective_delta_g_kg": 2600.925793208081,
  "time_step_s": 10.0,
  "yaw_step_deg": 0.05,
  "hard_constraint_passed": true,
  "failed_constraints": []
}