elapsed_time_s,elapsed_time_min,phase,is_event_point,semi_major_axis_m,eccentricity,inclination_deg,raan_deg,argument_of_perigee_deg,true_anomaly_deg,position_x_m,position_y_m,position_z_m,velocity_x_m_s,velocity_y_m_s,velocity_z_m_s,thrust_alpha_deg,thrust_beta_deg,thrust_longitude_deg,thrust_latitude_deg,subsatellite_longitude_deg,subsatellite_latitude_deg,subsatellite_altitude_m,orbit_height_m,mass_kg
0.0,0.0,coast,1,29478137.000000015,0.7768469199999998,16.49999999999998,77.81614066594024,199.99999999999997,22.902546345799923,3293524.41662162,-5816687.374913236,-1317245.9148266523,9170.969929742118,3674.2451091541743,-2425.67750037191,nan,nan,nan,nan,-129.7643660807637,-11.148025326991906,434813.30808865826,434813.30808865733,6515.0
72819.15889812574,1213.6526483020957,orbit_control,1,31241315.81416905,0.6699518962910576,11.833030532916018,68.71743319110166,208.90596687418284,183.67706995916967,-9626665.862839287,50731346.25410229,5737290.208633536,-1498.7764951525116,-524.6888492105802,252.69679855154942,nan,nan,nan,nan,87.21691944245276,6.3400670103136445,45576253.45284291,45576253.45284291,5883.912348664243
238045.28785534578,3967.421464255763,orbit_control,1,33513023.610598713,0.5569597816681356,9.19853552212169,58.60598398216396,218.96204650601422,183.4409283457261,-9556225.35852417,50867218.964346334,5611979.460643623,-1769.5031936537755,-496.85647931997005,202.68771046335726,nan,nan,nan,nan,116.78516996772453,6.18835980633604,45682305.96523361,45682305.96523361,5382.822632701214
420667.8215131771,7011.130358552952,orbit_control,1,38548467.76487027,0.3541540982687885,6.984567728246277,41.063365701457464,236.06957795348706,185.63020542512217,-11278325.31739704,50519961.35068618,5574242.879082412,-2140.5620228122407,-613.7410653179155,115.57337775022036,nan,nan,nan,nan,75.71931488578252,6.146302476920585,45684702.9198014,45684702.91980139,4717.457165951029
622732.2582996096,10378.87097166016,orbit_control,1,42164199.95869242,0.0004561304531204919,6.002573273043231,20.985659353874045,175.6912837963462,80.94386292054816,5510713.9763591075,-41578790.27188104,-4289521.729424776,3046.506409211985,410.0519442991483,-74.46751550943826,nan,nan,nan,nan,126.44417441985263,-5.83943755020583,35783027.1877868,35783027.1877868,3914.074206791919
