{
  "version": 1,
  "parameters": [
    {
      "maneuver_index": 1,
      "flight_revolution": 2,
      "position_label": "远地点",
      "initial_burn_start_min": 1213.6526483020957,
      "initial_yaw_angle_deg": 12.0,
      "burn_start_min": 1213.6526483020957,
      "settle_end_min": 1217.6526483020957,
      "cutoff_min": 1282.47411729115,
      "yaw_angle_deg": 12.0,
      "ignition_longitude_deg_e": 80.81395433233665,
      "cutoff_longitude_deg_e": 69.96444545933456,
      "delta_v_mps": 308.4092279343058,
      "target_post_a_km": 31236.1722159903,
      "total_burn_time_min": 68.82146898905437,
      "settle_duration_min": 4.0,
      "orbit_control_duration_min": 64.82146898905437,
      "propellant_kg": 631.0876513357571,
      "future_apogee_raise_propellant_kg": 0.0,
      "future_perigee_lower_propellant_kg": 0.0,
      "trim_propellant_kg": 0.0,
      "objective_delta_g_kg": 631.0876513357571,
      "objective_formula": "m",
      "post_a_km": 31241.31581416905,
      "post_e": 0.6699518962910576,
      "post_i_deg": 11.833030532916018,
      "post_mass_kg": 5883.912348664243,
      "duration_ok": true,
      "longitude_ok": true,
      "search_evaluations": 1,
      "optimization_mode": "固定链路优化"
    },
    {
      "maneuver_index": 2,
      "flight_revolution": 5,
      "position_label": "远地点",
      "initial_burn_start_min": 3967.421464255763,
      "initial_yaw_angle_deg": 12.0,
      "burn_start_min": 3967.421464255763,
      "settle_end_min": 3971.421464255763,
      "cutoff_min": 4022.8545328491064,
      "yaw_angle_deg": 12.0,
      "ignition_longitude_deg_e": 110.59749738236374,
      "cutoff_longitude_deg_e": 102.8889601401899,
      "delta_v_mps": 269.4177978261008,
      "target_post_a_km": 33504.4120491388,
      "total_burn_time_min": 55.4330685933431,
      "settle_duration_min": 4.0,
      "orbit_control_duration_min": 51.4330685933431,
      "propellant_kg": 501.08971596302854,
      "future_apogee_raise_propellant_kg": 0.0,
      "future_perigee_lower_propellant_kg": 0.0,
      "trim_propellant_kg": 0.0,
      "objective_delta_g_kg": 501.08971596302854,
      "objective_formula": "m",
      "post_a_km": 33513.02361059871,
      "post_e": 0.5569597816681356,
      "post_i_deg": 9.19853552212169,
      "post_mass_kg": 5382.822632701214,
      "duration_ok": true,
      "longitude_ok": true,
      "search_evaluations": 1,
      "optimization_mode": "固定链路优化"
    },
    {
      "maneuver_index": 3,
      "flight_revolution": 8,
      "position_label": "远地点",
      "initial_burn_start_min": 7011.12830402035,
      "initial_yaw_angle_deg": 11.5,
      "burn_start_min": 7011.12830402035,
      "settle_end_min": 7015.12830402035,
      "cutoff_min": 7083.484140252853,
      "yaw_angle_deg": 11.5,
      "ignition_longitude_deg_e": 66.09001771121287,
      "cutoff_longitude_deg_e": 57.58170176835942,
      "delta_v_mps": 399.4122571116506,
      "target_post_a_km": 38529.19696100848,
      "total_burn_time_min": 72.35583623250325,
      "settle_duration_min": 4.0,
      "orbit_control_duration_min": 68.35583623250325,
      "propellant_kg": 665.405451141366,
      "future_apogee_raise_propellant_kg": 0.0,
      "future_perigee_lower_propellant_kg": 0.0,
      "trim_propellant_kg": 0.0,
      "objective_delta_g_kg": 665.405451141366,
      "objective_formula": "m",
      "post_a_km": 38548.87855667623,
      "post_e": 0.3541397786245537,
      "post_i_deg": 6.9844732678032475,
      "post_mass_kg": 4717.417181559848,
      "duration_ok": true,
      "longitude_ok": true,
      "search_evaluations": 1,
      "optimization_mode": "固定链路优化"
    },
    {
      "maneuver_index": 4,
      "flight_revolution": 10,
      "position_label": "远地点",
      "initial_burn_start_min": 9523.546272198504,
      "initial_yaw_angle_deg": 11.362502858616066,
      "burn_start_min": 9525.746272198505,
      "settle_end_min": 9529.746272198505,
      "cutoff_min": 9590.463047456888,
      "yaw_angle_deg": 12.312502858616066,
      "ignition_longitude_deg_e": 155.32801075329098,
      "cutoff_longitude_deg_e": 149.381228797464,
      "delta_v_mps": 405.318733361089,
      "target_post_a_km": 42164.2,
      "total_burn_time_min": 64.71677525838216,
      "settle_duration_min": 4.0,
      "orbit_control_duration_min": 60.716775258382164,
      "propellant_kg": 591.2321275574495,
      "future_apogee_raise_propellant_kg": 0.0,
      "future_perigee_lower_propellant_kg": 0.0,
      "trim_propellant_kg": 0.0,
      "objective_delta_g_kg": 591.2321275574495,
      "objective_formula": "m",
      "post_a_km": 47196.10394286334,
      "post_e": 0.1066169323273315,
      "post_i_deg": 5.999443276774852,
      "post_mass_kg": 4126.185054002399,
      "duration_ok": true,
      "longitude_ok": true,
      "search_evaluations": 1,
      "optimization_mode": "终端经度/倾角联合优化"
    },
    {
      "maneuver_index": 5,
      "flight_revolution": 10,
      "position_label": "近地点",
      "initial_burn_start_min": 10379.789329786332,
      "initial_yaw_angle_deg": -178.50083506250266,
      "burn_start_min": 10378.789329786332,
      "settle_end_min": 10382.789329786332,
      "cutoff_min": 10404.466692228349,
      "yaw_angle_deg": -178.50083506250266,
      "ignition_longitude_deg_e": 119.78086770103427,
      "cutoff_longitude_deg_e": 120.00498069600553,
      "delta_v_mps": 159.73312277730443,
      "target_post_a_km": 42164.2,
      "total_burn_time_min": 25.6773624420166,
      "settle_duration_min": 4.0,
      "orbit_control_duration_min": 21.6773624420166,
      "propellant_kg": 212.16943789392872,
      "future_apogee_raise_propellant_kg": 0.0,
      "future_perigee_lower_propellant_kg": 0.0,
      "trim_propellant_kg": 0.0,
      "objective_delta_g_kg": 212.16943789392872,
      "objective_formula": "m",
      "post_a_km": 42164.199993985676,
      "post_e": 0.0004561208456589114,
      "post_i_deg": 6.001994864925317,
      "post_mass_kg": 3914.01561610847,
      "duration_ok": true,
      "longitude_ok": true,
      "search_evaluations": 1,
      "optimization_mode": "近地点面内减速"
    }
  ],
  "total_propellant_kg": 2600.98438389153,
  "objective_delta_g_kg": 2600.98438389153,
  "time_step_s": 10.0,
  "yaw_step_deg": 0.05,
  "hard_constraint_passed": true,
  "failed_constraints": [],
  "metadata": {
    "pulse_result_hash": "06aef3101f108596182bcd406adc69dd09c95aafb3bd4043b385d0cd4f864138"
  }
}